[  {    "type": "get",    "url": "/add?num1={num1}&num2={num2}",    "title": "Request to add 2 numbers",    "name": "Add",    "group": "Calculate",    "version": "1.0.0",    "parameter": {      "fields": {        "Parameter": [          {            "group": "Parameter",            "type": "Number",            "optional": false,            "field": "num1",            "description": "<p>first number</p>"          },          {            "group": "Parameter",            "type": "Number",            "optional": false,            "field": "num2",            "description": "<p>second number</p>"          }        ]      }    },    "success": {      "fields": {        "Success 200": [          {            "group": "Success 200",            "type": "Number",            "optional": false,            "field": "Sum",            "description": "<p>of the two numbers.</p>"          }        ]      }    },    "filename": "/Users/kamalmeetsingh/Downloads/calculator2/src/main/java/com/packt/microservices/calculator2/CalculatorController.java",    "groupTitle": "Calculate"  },  {    "type": "get",    "url": "/divide?num1={num1}&num2={num2}",    "title": "Request to divide 2 numbers",    "name": "Divide",    "group": "Calculate",    "parameter": {      "fields": {        "Parameter": [          {            "group": "Parameter",            "type": "Number",            "optional": false,            "field": "num1",            "description": "<p>first number</p>"          },          {            "group": "Parameter",            "type": "Number",            "optional": false,            "field": "num2",            "description": "<p>second number</p>"          }        ]      }    },    "success": {      "fields": {        "Success 200": [          {            "group": "Success 200",            "type": "Number",            "optional": false,            "field": "Quotient",            "description": "<p>when num is divided by num2.</p>"          }        ]      }    },    "version": "0.0.0",    "filename": "/Users/kamalmeetsingh/Downloads/calculator2/src/main/java/com/packt/microservices/calculator2/CalculatorController.java",    "groupTitle": "Calculate"  },  {    "type": "get",    "url": "/multiply?num1={num1}&num2={num2}",    "title": "Request to multiply 2 numbers",    "name": "Multiply",    "group": "Calculate",    "parameter": {      "fields": {        "Parameter": [          {            "group": "Parameter",            "type": "Number",            "optional": false,            "field": "num1",            "description": "<p>first number</p>"          },          {            "group": "Parameter",            "type": "Number",            "optional": false,            "field": "num2",            "description": "<p>second number</p>"          }        ]      }    },    "success": {      "fields": {        "Success 200": [          {            "group": "Success 200",            "type": "Number",            "optional": false,            "field": "Product",            "description": "<p>of the two numbers.</p>"          }        ]      }    },    "version": "0.0.0",    "filename": "/Users/kamalmeetsingh/Downloads/calculator2/src/main/java/com/packt/microservices/calculator2/CalculatorController.java",    "groupTitle": "Calculate"  },  {    "type": "get",    "url": "/subtract?num1={num1}&num2={num2}",    "title": "Request to subtract 2 numbers",    "name": "Subtract",    "group": "Calculate",    "parameter": {      "fields": {        "Parameter": [          {            "group": "Parameter",            "type": "Number",            "optional": false,            "field": "num1",            "description": "<p>first number</p>"          },          {            "group": "Parameter",            "type": "Number",            "optional": false,            "field": "num2",            "description": "<p>second number</p>"          }        ]      }    },    "success": {      "fields": {        "Success 200": [          {            "group": "Success 200",            "type": "Number",            "optional": false,            "field": "Difference",            "description": "<p>of the two numbers.</p>"          }        ]      }    },    "version": "0.0.0",    "filename": "/Users/kamalmeetsingh/Downloads/calculator2/src/main/java/com/packt/microservices/calculator2/CalculatorController.java",    "groupTitle": "Calculate"  },  {    "success": {      "fields": {        "Success 200": [          {            "group": "Success 200",            "optional": false,            "field": "varname1",            "description": "<p>No type.</p>"          },          {            "group": "Success 200",            "type": "String",            "optional": false,            "field": "varname2",            "description": "<p>With type.</p>"          }        ]      }    },    "type": "",    "url": "",    "version": "0.0.0",    "filename": "/Users/kamalmeetsingh/Downloads/calculator2/docs/main.js",    "group": "_Users_kamalmeetsingh_Downloads_calculator2_docs_main_js",    "groupTitle": "_Users_kamalmeetsingh_Downloads_calculator2_docs_main_js",    "name": ""  }]
